"","LL","npar","lab","R2","names","aicc_marg","aicc","deltaAIC","AICweight","rank","AICw_std","cumlAIC","topSet","deltaAIC_marg","AICweight_marg","rank_marg","AICw_std_marg","cumlAIC_marg","topSet_marg"
"RS1_10_LM",-49.2812,3,34,0.124762015200672,"RS1_10_LM",-83.3354144951523,105.248114285714,0,1,1,0.0441876625563947,0.0441876625563947,"**o",33.9085287054844,4.3336770774389e-08,14,4.3336164737155e-08,4.3336164737155e-08,"**o"
"RS1_1_6_10_LM",-46.7323,5,70,0.232873993066394,"RS1_1_6_10_LM",-65.0397573212852,105.282781818182,0.0346675324675374,0.982815599224997,2,0.043428324053715,0.0876159866101097,"**o",52.2041858793516,4.6132296024602e-12,79,4.61316508937217e-12,4.33407779022444e-08,"o"
"RS1_10",-48.2928,4,32,0.144725389776066,"RS1_10",-74.2964552620446,105.762070588235,0.513956302521009,0.773385111070677,3,0.0341740803141309,0.121790066924241,"**o",42.9474879385921,4.72140752996637e-10,40,4.72134150407868e-10,4.38129120526523e-08,"o"
"RS1_5_LM",-49.6076,3,19,0.0656067063699735,"RS1_5_LM",-83.9736123342276,105.900914285714,0.652799999999999,0.72151652309346,4,0.031882128651317,0.153672195575558,"**o",33.2703308664091,5.96265177458677e-08,13,5.96256839068612e-08,1.03438595959513e-07,"o"
"RS1_1_6_10_BLM",-45.7329,6,69,0.220939486713295,"RS1_1_6_10_BLM",-58.2699455358919,106.0908,0.842685714285722,0.656165091949654,5,0.028994401664357,0.182666597239915,"**o",58.9739976647448,1.56300050814834e-13,117,1.56297865057825e-13,1.03438752257379e-07,"o"
"RS1_5_BLM",-48.6608,4,18,0.0735747688868075,"RS1_5_BLM",-77.6840513515525,106.498070588235,1.24995630252101,0.535273123434262,6,0.0236524681538206,0.206319065393735,"**o",39.5598918490842,2.56849445584511e-09,34,2.56845853708033e-09,1.06007210794459e-07,"o"
"RS1_1_3_10_LM",-47.3435,5,109,0.218518737038934,"RS1_1_3_10_LM",-66.582777249758,106.505181818182,1.25706753246753,0.533373277863026,7,0.0235685184188095,0.229887583812545,"**o",50.6611659508788,9.9785535054917e-12,70,9.97841396175419e-12,1.06017189208421e-07,"o"
"RS1_1_8_10_LM",-47.3492,5,94,0.220473550576033,"RS1_1_8_10_LM",-66.1933818120302,106.516581818182,1.26846753246754,0.530341698388703,8,0.0234345600079853,0.25332214382053,"**o",51.0505613886065,8.21318197636657e-12,71,8.21306712022943e-12,1.06025402275541e-07,"o"
"RS1_10_BLM",-48.679,4,33,0.119690546125006,"RS1_10_BLM",-77.7925122697877,106.534470588235,1.28635630252101,0.525619269138933,9,0.02322588689785,0.27654803071838,"**o",39.4514309308491,2.71163119699425e-09,33,2.711593276553e-09,1.08736995552094e-07,"o"
"RS1_1_6_10",-45.9583,6,68,0.219159221629017,"RS1_1_6_10",-56.1371808760655,106.5416,1.29348571428572,0.523748926629384,10,0.0231432408341731,0.299691271552553,"**o",61.1067623245712,5.38065513804621e-14,126,5.38057989299914e-14,1.08737049357893e-07,"o"
"RS1_5",-48.8156,4,17,0.0701882035898907,"RS1_5",-75.2982864182309,106.807670588235,1.55955630252102,0.458507719382494,11,0.0202603843835758,0.319951655936129,"**o",41.9456567824058,7.7914154068505e-10,39,7.79130644885115e-10,1.09516180002778e-07,"o"
"RS1_1_LM",-50.1092,3,7,0.106750121705443,"RS1_1_LM",-85.0531884443729,106.904114285714,1.65600000000001,0.43692225757444,12,0.0193065732810775,0.339258229217206,"**o",32.1907547562638,1.02297829816183e-07,12,1.0229639924596e-07,2.11812579248738e-07,"o"
"RS1_1_3_10_BLM",-46.2389,6,108,0.212785304505158,"RS1_1_3_10_BLM",-59.7755819845795,107.1028,1.85468571428572,0.395603490034483,13,0.0174807935237758,0.356739022740982,"**o",57.4683612160572,3.31821039814971e-13,110,3.31816399508332e-13,2.11812911065137e-07,"o"
"RS1_4_BLM",-49.0473,4,15,0.0965392790022614,"RS1_4_BLM",-78.4009362632064,107.271070588235,2.02295630252101,0.363681006528489,14,0.0160702135946508,0.372809236335633,"**o",38.8430069374304,3.67576902115712e-09,31,3.67571761786032e-09,2.15488628682997e-07,"o"
"RS1_6_LM",-50.3559,3,22,0.034782703865312,"RS1_6_LM",-85.6378701376905,107.397514285714,2.1494,0.341400159987519,15,0.0150856750662277,0.387894911401861,"*o",31.6060730629463,1.37034032237668e-07,11,1.37032115903701e-07,3.52520744586698e-07,"o"
"RS1_1_8_10_BLM",-46.4237,6,93,0.216392821736474,"RS1_1_8_10_BLM",-59.7016772012252,107.4724,2.22428571428571,0.32885351940176,16,0.0145312683458078,0.402426179747668,"*o",57.5422659994115,3.1978324125779e-13,111,3.19778769292123e-13,3.52521064365467e-07,"o"
"RS1_3_6_10",-46.4535,6,56,0.176781208971339,"RS1_3_6_10",-57.1128732489239,107.532,2.28388571428572,0.319198262364079,17,0.0141046251059315,0.4165308048536,"*o",60.1310699517128,8.76403421758872e-14,123,8.76391165813261e-14,3.52521152004584e-07,"o"
"RS1_0_LM",-51.6202,2,4,NA,"RS1_0_LM",-94.3921763500874,107.573733333333,2.32561904761904,0.312606670075266,18,0.0138133580501641,0.430344162903764,"*o",22.8517668505494,1.09094254164655e-05,2,1.09092728550751e-05,1.12617940070797e-05,"o"
"RS1_1_6_LM",-49.2062,4,61,0.127304474543308,"RS1_1_6_LM",-76.9302696217183,107.588870588235,2.34075630252102,0.310249597803613,19,0.0137092045360032,0.444053367439767,"*o",40.3136735789184,1.76196391456231e-09,36,1.76193927461526e-09,1.12635559463543e-05,"o"
"RS1_1_BLM",-49.2429,4,6,0.123420635893001,"RS1_1_BLM",-78.980878355909,107.662270588235,2.41415630252101,0.299069840900458,20,0.0132151972105041,0.457268564650271,"*o",38.2630648447278,4.91225652969786e-09,27,4.91218783490804e-09,1.12684681341893e-05,"o"
"RS1_1_3_10",-46.5365,6,107,0.205498674851383,"RS1_1_3_10",-57.666758210822,107.698,2.44988571428571,0.293774486957451,21,0.0129812078973538,0.470249772547625,"*o",59.5771849898147,1.15605542432101e-13,119,1.15603925761963e-13,1.12684682497932e-05,"o"
"RS1_3_6_10_BLM",-46.5764,6,57,0.164785650680664,"RS1_3_6_10_BLM",-60.3941090847605,107.7778,2.52968571428572,0.28228365151489,22,0.0124734547383269,0.482723227285952,"*o",56.8498341158763,4.5208008212077e-13,109,4.52073760067751e-13,1.12684687018669e-05,"o"
"RS1_3_6_10_LM",-47.9902,5,58,0.15520959425529,"RS1_3_6_10_LM",-67.9330722889014,107.798581818182,2.55046753246754,0.279365654330757,23,0.0123445152634139,0.495067742549366,"*o",49.3108709117353,1.96010994697947e-11,68,1.96008253608592e-11,1.12684883026923e-05,"o"
"RS1_6_8_10_LM",-48.0317,5,46,0.159544219991498,"RS1_6_8_10_LM",-67.6774652293285,107.881581818182,2.63346753246753,0.268009254799447,24,0.0118427025130688,0.506910445062435,"*o",49.5664779713083,1.72494822800184e-11,69,1.72492410569567e-11,1.12685055519334e-05,"o"
"RS1_6_8_10",-46.6434,6,44,0.170580156215476,"RS1_6_8_10",-57.2754156871574,107.9118,2.66368571428572,0.263990316312548,25,0.0116651150153748,0.518575560077809,"*o",59.9685275134793,9.50604151265154e-14,122,9.50590857669435e-14,1.12685056469924e-05,"o"
"RS1_1_3_6_10_LM",-46.6711,6,124,0.237843692996866,"RS1_1_3_6_10_LM",-58.9079911591037,107.9672,2.71908571428573,0.256778134416967,26,0.0113464255554775,0.529921985633287,"*o",58.3359520415331,2.15034907226991e-13,113,2.15031900100293e-13,1.12685058620243e-05,"o"
"RS1_3_BLM",-49.4214,4,12,0.0729349355109409,"RS1_3_BLM",-79.2808103759084,108.019270588235,2.77115630252101,0.250179116599728,27,0.0110548303829657,0.540976816016253,"*o",37.9631328247283,5.70703385988942e-09,23,5.70695405064307e-09,1.1274212816075e-05,"o"
"RS1_6_BLM",-49.4301,4,21,0.048730302006256,"RS1_6_BLM",-79.4561697819525,108.036670588235,2.78855630252102,0.248011998916309,28,0.0109590705180508,0.551935886534303,"*o",37.7877734186842,6.23001741165913e-09,22,6.22993028881974e-09,1.12804427463638e-05,"o"
"RS1_4_LM",-50.6787,3,16,0.0521950275629783,"RS1_4_LM",-86.0217837775349,108.043114285714,2.795,0.247214227609554,29,0.0109238188687507,0.562859705403054,"*o",31.2221594231019,1.66032927213699e-07,10,1.66030605348591e-07,1.14464733517124e-05,"o"
"RS1_1_8_10",-46.718,6,92,0.210151742932713,"RS1_1_8_10",-57.7345468725551,108.061,2.81288571428573,0.245013282127181,30,0.0108265642324706,0.573686269635525,"*o",59.5093963280816,1.19591076899541e-13,118,1.19589404494234e-13,1.14464734713018e-05,"o"
"RS1_1_6_BLM",-48.1217,5,60,0.141124115084357,"RS1_1_6_BLM",-70.2235211552934,108.061581818182,2.81346753246753,0.244942015902518,31,0.0108234151445835,0.584509684780108,"*o",47.0204220453434,6.16091311960999e-11,57,6.16082696315027e-11,1.14465350795714e-05,"o"
"RS1_1_6_8_10_LM",-46.7322,6,118,0.232870952847642,"RS1_1_6_8_10_LM",-58.4482428986463,108.0894,2.84128571428572,0.241558679250053,32,0.0106739134062697,0.595183598186378,"*o",58.7957003019905,1.70873966016516e-13,116,1.70871576452553e-13,1.1446535250443e-05,"o"
"RS1_1_3_5_LM",-48.1818,5,100,0.169166446817821,"RS1_1_3_5_LM",-68.7491394159884,108.181781818182,2.93366753246754,0.230654636744633,33,0.0101920892555397,0.605375687441918,"*o",48.4948037846483,2.94772630942842e-11,66,2.94768508734687e-11,1.14465647272939e-05,"o"
"RS1_6",-49.5066,4,20,0.0475523748495425,"RS1_6",-76.853047457973,108.189670588235,2.94155630252101,0.22974663797472,34,0.0101519669122931,0.615527654354211,"*o",40.3908957426637,1.69522922150357e-09,38,1.69520551479884e-09,1.14482599328087e-05,"o"
"RS1_2_LM",-50.7534,3,10,0.0742718989316988,"RS1_2_LM",-86.3448936430059,108.192514285714,2.9444,0.22942020513117,35,0.010137542607955,0.625665196962166,"*o",30.8990495576309,1.95144646036469e-07,9,1.9514191706245e-07,1.16434018498711e-05,"o"
"RS1_1_5_8_LM",-48.193,5,91,0.16374257708085,"RS1_1_5_8_LM",-68.1116601159502,108.204181818182,2.95606753246753,0.228085717613938,36,0.0100785747238578,0.635743771686024,"*o",49.1322830846865,2.14318808671939e-11,67,2.14315811559425e-11,1.16434232814523e-05,"o"
"RS1_3_8_10",-46.7923,6,83,0.17706599241307,"RS1_3_8_10",-58.4493370223989,108.2096,2.96148571428571,0.227468648894883,37,0.0100513078995261,0.64579507958555,"*o",58.7946061782379,1.70967470222939e-13,115,1.70965079351379e-13,1.16434234524174e-05,"o"
"RS1_3_8_10_BLM",-46.7955,6,84,0.168210672191354,"RS1_3_8_10_BLM",-61.5228332853216,108.216,2.96788571428571,0.226741912616613,38,0.0100191951220944,0.655814274707644,"*o",55.7211099153151,7.94904067254607e-13,104,7.94892951025741e-13,1.16434242473103e-05,"o"
"RS1_6_8_10_BLM",-46.8993,6,45,0.152723177295171,"RS1_6_8_10_BLM",-60.7412882818614,108.4236,3.17548571428571,0.20438642083247,39,0.00903135819485447,0.664845632902499,"*o",56.5026549187753,5.37779667074322e-13,107,5.37772146567e-13,1.16434247850825e-05,"o"
"RS1_3_LM",-50.9275,3,13,0.0332689160614513,"RS1_3_LM",-86.5953305107283,108.540714285714,3.29260000000001,0.192761809487093,40,0.0085176937913757,0.673363326693874,"*o",30.6486126899085,2.21176160867177e-07,7,2.21173067858945e-07,1.18645978529414e-05,"o"
"RS1_3_8_10_LM",-48.3732,5,85,0.142412414360521,"RS1_3_8_10_LM",-69.4184146517612,108.564581818182,3.31646753246753,0.190475106740182,41,0.00841664974202842,0.681779976435903,"*o",47.8255285488755,4.11925263855074e-11,63,4.11919503341703e-11,1.18646390448917e-05,"o"
"RS1_0_BLM",-50.9454,3,3,0.0157034407297765,"RS1_0_BLM",-88.9132989509655,108.576514285714,3.3284,0.189342071065525,42,0.00836658354397234,0.690146559979875,"*o",28.3306442496713,7.04820888811652e-07,3,7.04811032338862e-07,1.25694500772306e-05,"o"
"RS1_4",-49.7448,4,14,0.0717956433958423,"RS1_4",-76.9064741089934,108.666070588235,3.41795630252101,0.181050704559253,43,0.00800020743866181,0.698146767418537,"*o",40.3374690916434,1.74112471288618e-09,37,1.74110036436214e-09,1.2571191177595e-05,"o"
"RS1_0",-51.0336,3,2,0.0151540129809688,"RS1_0",-86.4363935049931,108.752914285714,3.5048,0.173357386054986,44,0.00766025767665636,0.705807025095193,"*o",30.8075496956437,2.04279874846902e-07,8,2.04277018122506e-07,1.27754681957175e-05,"o"
"RS1_1_6_8_10_BLM",-45.6747,7,117,0.22045229774048,"RS1_1_6_8_10_BLM",-51.5153245692698,108.962303225806,3.71418894009217,0.156125599597701,45,0.006898825311438,0.712705850406631,"*o",65.7286186313669,5.33595075222307e-15,135,5.33587613233846e-15,1.27754682010534e-05,"o"
"RS1_1_3_6_10_BLM",-45.7033,7,123,0.219370864774573,"RS1_1_3_6_10_BLM",-52.3145696442644,109.019503225806,3.77138894009217,0.151723655299774,46,0.00670431368220914,0.71941016408884,"*o",64.9293735563723,7.95729896863928e-15,132,7.9571876908636e-15,1.27754682090105e-05,"o"
"RS1_3",-49.9256,4,11,0.0569625958925476,"RS1_3",-77.3514322143534,109.027670588235,3.77955630252102,0.151105327644649,47,0.00667699122843522,0.726087155317276,"*o",39.8925109862833,2.17496015276445e-09,35,2.17492973732713e-09,1.27776431387479e-05,"o"
"RS1_1",-49.9292,4,5,0.0924453025846511,"RS1_1",-77.8886031573572,109.034870588235,3.78675630252101,0.150562326453714,48,0.00665299727504243,0.732740152592318,"*o",39.3553400432795,2.84509316881267e-09,32,2.84505338199045e-09,1.27804881921299e-05,"o"
"RS1_2_BLM",-49.9304,4,9,0.0936970179681648,"RS1_2_BLM",-80.4199998682027,109.037270588235,3.78915630252101,0.150381760023496,49,0.00664501846655495,0.739385171058873,"*o",36.8239433324341,1.00874711208735e-08,18,1.00873300539923e-08,1.27905755221838e-05,"o"
"RS1_1_5_8_BLM",-47.2862,6,90,0.169909240725757,"RS1_1_5_8_BLM",-61.7291025574911,109.1974,3.94928571428572,0.138810878705097,50,0.00613372826737747,0.74551889932625,"*o",55.5148406431456,8.81262971400515e-13,103,8.81250647497186e-13,1.27905764034345e-05,"o"
"RS1_3_8_BLM",-48.6988,5,72,0.088592565254591,"RS1_3_8_BLM",-72.1573577153023,109.215781818182,3.96766753246753,0.137540925490062,51,0.00607761200324908,0.751596511329499,"*o",45.0865854853344,1.62021391572911e-10,47,1.62019125806583e-10,1.27907384225603e-05,"o"
"RS1_1_8_LM",-50.0505,4,88,0.109546765185337,"RS1_1_8_LM",-78.5174675661261,109.277470588235,4.02935630252101,0.133363319275567,52,0.00589301334954948,0.757489524679049,"*o",38.7264756345107,3.89630247345736e-09,30,3.8962479861402e-09,1.27946346705464e-05,"o"
"RS1_9_LM",-51.2975,3,31,0.0183305723542444,"RS1_9_LM",-87.0170438517027,109.280714285714,4.0326,0.133147199448513,53,0.00588346351955986,0.763372988198609,"o",30.2268993489341,2.73094028460606e-07,6,2.73090209413947e-07,1.30677248799604e-05,"o"
"RS1_1_6_9_LM",-48.7376,5,67,0.157708549992141,"RS1_1_6_9_LM",-69.0014890449388,109.293381818182,4.04526753246753,0.132306541289018,54,0.00584631680048281,0.769219304999092,"o",48.242454155698,3.34413794238711e-11,64,3.34409117674047e-11,1.30677583208722e-05,"o"
"RS1_1_3_8_10_LM",-47.3435,6,136,0.218597035734987,"RS1_1_3_8_10_LM",-61.1350492643792,109.312,4.06388571428572,0.131080602708361,55,0.00579214544016591,0.775011450439258,"o",56.1088939362575,6.54799725825441e-13,105,6.54790568866868e-13,1.30677589756627e-05,"o"
"RS1_1_6",-48.7548,5,59,0.110696408522364,"RS1_1_6",-68.9617788044132,109.327781818182,4.07966753246754,0.130050327837438,56,0.00574662000182921,0.780758070441087,"o",48.2821643962236,3.27839451301279e-11,65,3.27834866674628e-11,1.30677917591494e-05,"o"
"RS1_1_3_5_BLM",-47.3686,6,99,0.16917989498433,"RS1_1_3_5_BLM",-62.7275438998514,109.3622,4.11408571428572,0.127831427314203,57,0.00564857197426228,0.786406642415349,"o",54.5163993007854,1.45182511587416e-12,94,1.45180481302137e-12,1.30677932109542e-05,"o"
"RS1_1_3_LM",-50.0943,4,97,0.105097402822979,"RS1_1_3_LM",-79.066743375959,109.365070588235,4.116956302521,0.127648083226349,58,0.00564047042757651,0.792047112842926,"o",38.1771998246778,5.12774465754184e-09,25,5.12767294928732e-09,1.30729208839035e-05,"o"
"RS1_1_6_8_10",-45.9111,7,116,0.217683024156623,"RS1_1_6_8_10",-49.3780418790199,109.435103225806,4.18698894009216,0.123255669139012,59,0.00544637991607728,0.797493492759003,"o",67.8659013216169,1.83276496076391e-15,137,1.83273933070916e-15,1.30729208857362e-05,"o"
"RS1_3_6_BLM",-48.8274,5,48,0.0808309009329017,"RS1_3_6_BLM",-71.9627741260107,109.472981818182,4.22486753246753,0.120943260332772,60,0.00534419997605471,0.802837692735058,"o",45.2811690746261,1.47000586801176e-10,49,1.46998531091269e-10,1.30730678842673e-05,"o"
"RS1_1_3_6_10",-45.9379,7,122,0.216675469711618,"RS1_1_3_6_10",-50.1579316344721,109.488703225806,4.24058894009217,0.119996287995895,61,0.00530235548198254,0.80814004821704,"o",67.0860115661646,2.70680943714595e-15,136,2.70677158413395e-15,1.30730678869741e-05,"o"
"RS1_1_6_7_LM",-48.8821,5,64,0.132475690177132,"RS1_1_6_7_LM",-69.7247823226094,109.582381818182,4.33426753246754,0.114505346101645,62,0.00505972359444266,0.813199771811483,"o",47.5191608780273,4.80115053470007e-11,62,4.80108339365707e-11,1.3073115897808e-05,"o"
"RS1_3_6_LM",-50.2193,4,49,0.0468029203765479,"RS1_3_6_LM",-79.17482132277,109.615070588235,4.366956302521,0.112649038068114,63,0.00497769768145628,0.818177469492939,"o",38.0691218778668,5.41246646795822e-09,24,5.41239077804989e-09,1.30785282885861e-05,"o"
"RS1_1_3_BLM",-48.9384,5,96,0.117443220272401,"RS1_1_3_BLM",-72.431019413224,109.694981818182,4.44686753246754,0.108236810093608,64,0.00478273164059694,0.822960201133536,"o",44.8129237874127,1.857792651046e-10,46,1.85776667099489e-10,1.30787140652532e-05,"o"
"RS1_8_LM",-51.521,3,28,0.00896138378559293,"RS1_8_LM",-87.6798491144399,109.727714285714,4.4796,0.10647979820944,65,0.00470509339235176,0.827665294525888,"o",29.5640940861968,3.80398274196354e-07,5,3.80392954567924e-07,1.34591070198211e-05,"o"
"RS1_6_8_LM",-50.3425,4,37,0.0378821000938483,"RS1_6_8_LM",-79.0479236272385,109.861470588235,4.61335630252101,0.0995915306879624,66,0.00440071695151451,0.832066011477402,"o",38.1960195733982,5.07971953411956e-09,26,5.07964849746591e-09,1.34641866683186e-05,"o"
"RS1_7_LM",-51.6078,3,25,0.00215948448565111,"RS1_7_LM",-87.8931108807889,109.901314285714,4.6532,0.0976271156369496,67,0.00431391404211965,0.836379925519522,"o",29.3508323198479,4.23202029874519e-07,4,4.23196111662732e-07,1.38873827799813e-05,"o"
"RS1_BH",-51.6202,3,1,NA,"RS1_BH",-117.243943200637,109.926114285714,4.678,0.0964240140486014,68,0.00426075179511266,0.840640677314635,"o",0,1,1,0.999986015634687,0.999999903017467,"o"
"RS1_1_6_8_LM",-49.0718,5,40,0.12660967213183,"RS1_1_6_8_LM",-70.1595153649203,109.961781818182,4.71366753246754,0.0947196534781861,69,0.00418544008535273,0.844826117399987,"o",47.0844278357165,5.96686763274047e-11,58,5.96678418988372e-11,0.999999903077135,""
"RS1_1_3_6_LM",-49.0902,5,103,0.131145045276669,"RS1_1_3_6_LM",-70.8610623918443,109.998581818182,4.75046753246754,0.0929927481051019,70,0.00410913217346006,0.848935249573447,"o",46.3828808087924,8.47394039692323e-11,55,8.47382189424508e-11,0.999999903161873,""
"RS1_3_8_LM",-50.4271,4,73,0.0390300110112661,"RS1_3_8_LM",-80.1334761103323,110.030670588235,4.78255630252102,0.0915126420960411,71,0.00404372974858399,0.852978979322031,"o",37.1104670903045,8.74106723774238e-09,19,8.74094499946491e-09,0.999999911902818,""
"RS1_1_3_8_10_BLM",-46.2106,7,135,0.211989422505449,"RS1_1_3_8_10_BLM",-54.1989174033134,110.034103225806,4.78598894009217,0.0913557119389054,72,0.00403679537175555,0.857015774693787,"o",63.0450257973233,2.04148687621344e-14,130,2.04145832731519e-14,0.999999911902839,""
"RS1_2",-50.4679,4,8,0.065950774529989,"RS1_2",-78.9695665425105,110.112270588235,4.86415630252101,0.0878540686990433,73,0.00388206594187964,0.860897840635667,"o",38.2743766581262,4.8845516869409e-09,28,4.88448337958572e-09,0.999999916787322,""
"RS1_1_6_9_BLM",-47.7457,6,66,0.163243387687671,"RS1_1_6_9_BLM",-62.4052194353439,110.1164,4.86828571428572,0.0876728630192016,74,0.0038740588864455,0.864771899522112,"o",54.8387237652929,1.2357267187847e-12,98,1.23570943793083e-12,0.999999916788558,""
"RS1_3_8",-49.1778,5,71,0.0743217795080303,"RS1_3_8",-70.1141394529509,110.173781818182,4.92566753246753,0.0851931909954915,75,0.00376448797581126,0.868536387497923,"o",47.1298037476858,5.83301575682136e-11,60,5.83293418579814e-11,0.999999916846887,""
"RS1_3_6",-49.1796,5,47,0.0677836847749678,"RS1_3_6",-69.7804108610852,110.177381818182,4.92926753246753,0.0850399811818982,76,0.00375771799226788,0.872294105490191,"o",47.4635323395516,4.93656553291354e-11,61,4.93649649817773e-11,0.999999916896252,""
"RS1_1_8_BLM",-49.2428,5,87,0.123562417320651,"RS1_1_8_BLM",-72.5761412666568,110.303781818182,5.05566753246754,0.0798317673831715,77,0.00352757919840818,0.875821684688599,"o",44.6678019339799,1.99760699753929e-10,45,1.99757906227329e-10,0.99999991709601,""
"RS1_6_8_BLM",-49.2974,5,36,0.0595912125250407,"RS1_6_8_BLM",-72.5769236114685,110.412981818182,5.16486753246754,0.075589812041487,78,0.00334013710719053,0.87916182179579,"o",44.6670195891682,1.99838855912716e-10,44,1.99836061293151e-10,0.999999917295846,""
"RS1_9",-50.6307,4,29,0.0284748843461565,"RS1_9",-78.8727598559868,110.437870588235,5.189756302521,0.0746549721345044,79,0.00329882871683653,0.882460650512626,"o",38.3711833446499,4.65375380870806e-09,29,4.65368872891472e-09,0.999999921949535,""
"RS1_8_BLM",-50.6441,4,27,0.0315877806767488,"RS1_8_BLM",-81.7539314559298,110.464670588235,5.21655630252101,0.073661268193386,80,0.00325491926240543,0.885715569775032,"o",35.490011744707,1.96535889340626e-08,16,1.96533140910952e-08,0.999999941602849,""
"RS1_3_6_8_10",-46.4498,7,113,0.176694950496611,"RS1_3_6_8_10",-51.72054284745,110.512503225806,5.26438894009218,0.0719204616396131,81,0.00317799708983135,0.888893566864863,"o",65.5234003531867,5.91254413401673e-15,134,5.91246145083963e-15,0.999999941602855,""
"RS1_1_5_8",-47.9475,6,89,0.138102623853661,"RS1_1_5_8",-60.7012104810483,110.52,5.27188571428572,0.071651380534339,82,0.0031661070247512,0.892059673889614,"o",56.5427327195885,5.27110410989477e-13,108,5.2710303968493e-13,0.999999941603382,""
"RS1_3_5_8_BLM",-47.9541,6,78,0.10168314766096,"RS1_3_5_8_BLM",-64.4551962712101,110.5332,5.28508571428571,0.0711800385622903,83,0.00314527952474165,0.895204953414356,"o",52.7887469294266,3.44404843899436e-12,82,3.44400027616284e-12,0.999999941606826,""
"RS1_9_BLM",-50.6882,4,30,0.0250121045159369,"RS1_9_BLM",-81.616123439452,110.552870588235,5.30475630252101,0.0704833934183737,84,0.00311449640420071,0.898319449818557,"o",35.6278197611848,1.8344979793852e-08,17,1.83447232509529e-08,0.999999959951549,""
"RS1_2_6_8_LM",-49.3748,5,43,0.107660743876813,"RS1_2_6_8_LM",-70.6950183147153,110.567781818182,5.31966753246753,0.0699598504675137,85,0.00309136226495433,0.901410812083511,"o",46.5489248859214,7.7988288888958e-11,56,7.79871982722361e-11,0.999999960029536,""
"RS1_3_6_8_10_LM",-47.9862,6,115,0.156977486629879,"RS1_3_6_8_10_LM",-62.6494212124896,110.5974,5.34928571428571,0.0689314423713235,86,0.00304591931502961,0.904456731398541,"o",54.5945219881472,1.39620818357215e-12,96,1.39618865848686e-12,0.999999960030932,""
"RS1_3_5_8_LM",-49.3933,5,79,0.0720190664428919,"RS1_3_5_8_LM",-71.9262557557297,110.604781818182,5.35666753246754,0.0686774916268745,87,0.00303469782522796,0.907491429223769,"o",45.317687444907,1.44340832242432e-10,50,1.44338813727504e-10,0.999999960175271,""
"RS1_1_3_8_10",-46.5026,7,134,0.204923729802679,"RS1_1_3_8_10",-52.0661585465097,110.618103225806,5.36998894009217,0.0682215712574201,88,0.00301455176978991,0.910505980993559,"o",65.1777846541271,7.02787277693816e-15,133,7.02777449659788e-15,0.999999960175278,""
"RS1_1_3_6_8_10_LM",-46.5157,7,139,0.246427349886899,"RS1_1_3_6_8_10_LM",-53.222921333179,110.644303225806,5.39618894009217,0.0673336969479808,89,0.00297531867941192,0.91348129967297,"o",64.0210218674578,1.25317504664514e-14,131,1.25315752178748e-14,0.999999960175291,""
"RS1_1_6_7_BLM",-48.0129,6,63,0.145242525568186,"RS1_1_6_7_BLM",-63.4904935954368,110.6508,5.40268571428572,0.067115325904498,90,0.00296566937343041,0.916446969046401,"o",53.7534496052,2.1261148781307e-12,89,2.12608514576355e-12,0.999999960177417,""
"RS1_2_3_6_LM",-49.4292,5,52,0.108082859538733,"RS1_2_3_6_LM",-71.3754410536481,110.676581818182,5.42846753246754,0.0662557009174574,91,0.00292768455457802,0.919374653600979,"o",45.8685021469886,1.09592620652502e-10,52,1.09591088069259e-10,0.999999960287008,""
"RS1_1_3_6_9_LM",-48.0293,6,121,0.196745467781361,"RS1_1_3_6_9_LM",-61.7948749525571,110.6836,5.43548571428572,0.0660236110900017,92,0.00291742904759963,0.922292082648579,"o",55.4490682480796,9.10726170521795e-13,101,9.10713434594326e-13,0.999999960287919,""
"RS1_3_6_8_10_BLM",-46.5612,7,114,0.165026066947897,"RS1_3_6_8_10_BLM",-54.9978241876879,110.735303225806,5.48718894009217,0.0643386673474352,93,0.0028429753220766,0.925135057970655,"o",62.2461190129489,3.04387628048202e-14,129,3.04383371380414e-14,0.999999960287949,""
"RS1_1_3_5",-48.0579,6,98,0.137611453448135,"RS1_1_3_5",-61.7757877305928,110.7408,5.49268571428571,0.0641620825571083,94,0.00283517245294904,0.927970230423604,"o",55.4681554700439,9.02075897316084e-13,102,9.02063282357196e-13,0.999999960288851,""
"RS1_6_8",-49.4641,5,35,0.0528872894967617,"RS1_6_8",-70.1262901256952,110.746381818182,5.49826753246754,0.0639832616700996,95,0.00282727077593587,0.93079750119954,"o",47.1176530749415,5.86856115540373e-11,59,5.86847908730067e-11,0.999999960347536,""
"RS1_1_3_9_LM",-49.4725,5,106,0.155008622991872,"RS1_1_3_9_LM",-71.1400404339605,110.763181818182,5.51506753246753,0.0634480532942712,96,0.0028036211688274,0.933601122368367,"o",46.1039027666763,9.74237219254294e-11,54,9.74223595165119e-11,0.999999960444958,""
"RS1_7_BLM",-50.8308,4,24,0.022089374655427,"RS1_7_BLM",-82.2005815450623,110.838070588235,5.58995630252102,0.0611162096301439,97,0.00270058244786268,0.93630170481623,"o",35.0433616555745,2.45714453144311e-08,15,2.45711016983636e-08,0.99999998501606,""
"RS1_1_6_8_BLM",-48.1071,6,39,0.141591472440242,"RS1_1_6_8_BLM",-63.7083207739874,110.8392,5.59108571428573,0.0610817066899821,98,0.00269905784358561,0.939000762659816,"o",53.5356224266494,2.37075839678973e-12,87,2.37072524323824e-12,0.999999985018431,""
"RS1_1_3_6_BLM",-48.1137,6,102,0.140105160504826,"RS1_1_3_6_BLM",-64.5036051439601,110.8524,5.60428571428572,0.0606798948634318,99,0.00268130271818283,0.941682065377998,"o",52.7403380566766,3.52842673545054e-12,81,3.5283773926421e-12,0.999999985021959,""
"RS1_8",-50.8712,4,26,0.0242023244813139,"RS1_8",-79.4820013422307,110.918870588235,5.67075630252101,0.0586963255471109,100,0.00259365342657602,0.944275718804575,"o",37.761941858406,6.31100482880859e-09,21,6.31091657341157e-09,0.999999991332876,""
"RS1_1_3_5_8_LM",-48.1542,6,130,0.168014721033385,"RS1_1_3_5_8_LM",-63.2638122970548,110.9334,5.68528571428573,0.0582714591389425,101,0.00257487957310033,0.946850598377675,"o",53.9801309035819,1.8982941443671e-12,91,1.89826759792831e-12,0.999999991334774,""
"RS1_1_6_9",-48.2375,6,65,0.138978103224018,"RS1_1_6_9",-60.9187638029839,111.1,5.85188571428571,0.0536141176205539,102,0.00236908253767589,0.949219680915351,"o",56.3251793976528,5.87682417728077e-13,106,5.8767419936246e-13,0.999999991335362,""
"RS1_7",-50.9795,4,23,0.0185274585989292,"RS1_7",-79.790333897609,111.135470588235,5.88735630252101,0.0526716377583632,103,0.00232743655555921,0.95154711747091,"o",37.4536093030278,7.3629538123841e-09,20,7.3628508461482e-09,0.999999998698213,""
"RS1_2_3_6_BLM",-48.2596,6,51,0.126151033724569,"RS1_2_3_6_BLM",-64.549789576322,111.1442,5.89608571428572,0.0524422425367202,104,0.0023173001169132,0.953864417587823,"",52.6941536243147,3.61085397944183e-12,80,3.61080348394069e-12,0.999999998701823,""
"RS1_1_3",-49.6816,5,95,0.0860386145372935,"RS1_1_3",-71.288052867946,111.181381818182,5.93326753246754,0.0514763002664038,105,0.0022746173858235,0.956139034973647,"",45.9558903326907,1.04907178991221e-10,53,1.04905711930906e-10,0.999999998806729,""
"RS1_3_5_8",-48.3087,6,77,0.0876468058353383,"RS1_3_5_8",-62.301107473996,111.2424,5.99428571428572,0.049929520540827,106,0.00220626880526064,0.958345303778907,"",54.9428357266408,1.17304537596251e-12,100,1.17302897166745e-12,0.999999998807902,""
"RS1_2_6_8_BLM",-48.3338,6,42,0.12531128298776,"RS1_2_6_8_BLM",-64.0806087007753,111.2926,6.04448571428571,0.0486918868541381,107,0.00215158066554481,0.960496884444452,"",53.1633344998614,2.8558052889002e-12,85,2.85576535227577e-12,0.999999998810758,""
"RS1_1_3_8_LM",-49.7668,5,127,0.0990800805031459,"RS1_1_3_8_LM",-72.9328937323605,111.351781818182,6.10366753246754,0.0472721587729691,108,0.00208884620017227,0.962585730644624,"",44.3110494682763,2.38768958082708e-10,43,2.38765619050373e-10,0.999999999049524,""
"RS1_1_3_8_BLM",-48.3952,6,126,0.120264400536545,"RS1_1_3_8_BLM",-65.6827140305553,111.4154,6.16728571428573,0.0457921382217686,109,0.0020234475514793,0.964609178196104,"",51.5612291700814,6.36240551128528e-12,74,6.36231653708235e-12,0.999999999055886,""
"RS1_2_3_8_BLM",-48.4614,6,75,0.115577580252029,"RS1_2_3_8_BLM",-65.4505386447979,111.5478,6.29968571428572,0.042858861301811,110,0.00189383290075575,0.966503011096859,"",51.7934045558389,5.66506766049659e-12,77,5.66498843812091e-12,0.999999999061551,""
"RS1_3_6_8_BLM",-48.4859,6,81,0.0885886590895309,"RS1_3_6_8_BLM",-65.8476913890807,111.5968,6.34868571428572,0.0418215778079816,111,0.0018479977677551,0.968351008864615,"",51.3962518115561,6.90948572422161e-12,73,6.90938909944912e-12,0.99999999906846,""
"RS1_1_8",-49.9236,5,86,0.0937819186184895,"RS1_1_8",-71.5376954907109,111.665381818182,6.41726753246753,0.0404117875216533,112,0.00178570243030754,0.970136711294922,"",45.7062477099258,1.18854167804974e-10,51,1.18852505704873e-10,0.999999999187313,""
"RS1_1_6_7",-48.6304,6,62,0.115410357812269,"RS1_1_6_7",-62.3335991187151,111.8858,6.63768571428572,0.0361946899583664,113,0.00159935874621362,0.971736070041136,"",54.9103440819217,1.19225810347837e-12,99,1.1922414305055e-12,0.999999999188505,""
"RS1_3_6_9_LM",-50.0413,5,55,0.0513789214097243,"RS1_3_6_9_LM",-72.1066988915859,111.900781818182,6.65266753246753,0.0359245718046913,114,0.00158742285638867,0.973323492897524,"",45.1372443090509,1.57969023720314e-10,48,1.57966814623778e-10,0.999999999346472,""
"RS1_2_3_8_LM",-50.0472,5,76,0.0796455717803707,"RS1_2_3_8_LM",-73.2327448320854,111.912581818182,6.66446753246753,0.0357132408703355,115,0.00157808463637363,0.974901577533898,"",44.0111983685514,2.77389299160787e-10,42,2.77385420047494e-10,0.999999999623857,""
"RS1_3_6_8_LM",-50.0574,5,82,0.0467289096260428,"RS1_3_6_8_LM",-73.5915433356293,111.932981818182,6.68486753246754,0.0353508173157929,116,0.00156206998664301,0.976463647520541,"",43.6523998650075,3.31895839559632e-10,41,3.31891198206965e-10,0.999999999955748,""
"RS1_1_6_8",-48.7197,6,38,0.112178323662115,"RS1_1_6_8",-62.4845367530938,112.0644,6.81628571428573,0.0331026196196584,117,0.00146272738548615,0.977926374906027,"",54.759406447543,1.28571873927706e-12,97,1.28570075931652e-12,0.999999999957034,""
"RS1_1_3_5_8_BLM",-47.2458,7,129,0.16588564598569,"RS1_1_3_5_8_BLM",-56.9790749556691,112.104503225806,6.85638894009217,0.0324454691860898,118,0.00143368944387884,0.979360064349906,"",60.2648682449676,8.19690938891148e-14,124,8.19679476033615e-14,0.999999999957116,""
"RS1_1_3_9_BLM",-48.7407,6,105,0.141673001842791,"RS1_1_3_9_BLM",-65.5226559259229,112.1064,6.85828571428571,0.0324147129084987,119,0.00143233039586315,0.980792394745769,"",51.7212872747138,5.87306990104552e-12,76,5.87298776989051e-12,0.999999999962989,""
"RS1_1_3_6",-48.7542,6,101,0.110309812142451,"RS1_1_3_6",-63.2914554955251,112.1334,6.88528571428571,0.0319800548276294,120,0.00141312387125829,0.982205518617027,"",53.9524877051117,1.92471376537617e-12,90,1.92468684947576e-12,0.999999999964914,""
"RS1_1_3_6_8_10_BLM",-45.6706,8,138,0.22124527006427,"RS1_1_3_6_8_10_BLM",-46.9097680935202,112.1412,6.89308571428572,0.0318555755062558,121,0.00140762342101018,0.983613142038038,"",70.3341751071165,5.33492024017364e-16,138,5.33484563470008e-16,0.999999999964914,""
"RS1_3_6_9_BLM",-48.805,6,54,0.0796224623815235,"RS1_3_6_9_BLM",-65.2075092778701,112.235,6.98688571428572,0.0303960425857906,122,0.00134313007283072,0.984956272110868,"",52.0364339227666,5.01685957133469e-12,78,5.01678941373772e-12,0.999999999969931,""
"RS1_3_6_8",-48.8642,6,80,0.0745836194722003,"RS1_3_6_8",-63.6661967795236,112.3534,7.10528571428571,0.028648824763245,123,0.00126592460127555,0.986222196712144,"",53.5777464211131,2.3213476609583e-12,88,2.32131519838459e-12,0.999999999972252,""
"RS1_2_3_6",-48.8849,6,50,0.0964160858864944,"RS1_2_3_6",-63.1996389146412,112.3948,7.14668571428572,0.0280618898250853,124,0.00123998931828559,0.987462186030429,"",54.0443042859956,1.83835099776723e-12,92,1.8383252895953e-12,0.999999999974091,""
"RS1_2_6_8",-48.9083,6,41,0.096536888184999,"RS1_2_6_8",-62.7099510845643,112.4416,7.19348571428571,0.0274128648105891,125,0.00121131041995438,0.988673496450384,"",54.5339921160725,1.43911027477654e-12,95,1.43909014973273e-12,0.99999999997553,""
"RS1_1_3_6_8_10",-45.9046,8,137,0.219333763988564,"RS1_1_3_6_8_10",-44.8208159131364,112.6092,7.36108571428572,0.0252092860790294,126,0.00111393942654777,0.989787435876932,"",72.4231272875003,1.87723104767385e-16,139,1.8772047957891e-16,0.99999999997553,""
"RS1_3_6_9",-49.0166,6,53,0.0699045848594502,"RS1_3_6_9",-62.7722832274872,112.6582,7.41008571428571,0.0245991630952,127,0.00108697951802041,0.990874415394952,"",54.4716599731496,1.4846679274264e-12,93,1.48464716528773e-12,0.999999999977015,""
"RS1_1_3_6_8_LM",-49.0683,6,133,0.128205913598121,"RS1_1_3_6_8_LM",-65.5791840441599,112.7616,7.51348571428572,0.0233597024861139,128,0.00103221065087417,0.991906626045826,"",51.6647591564769,6.04143482588731e-12,75,6.04135034025569e-12,0.999999999983056,""
"RS1_1_3_8",-49.0694,6,125,0.0917087578417101,"RS1_1_3_8",-64.2940325263516,112.7638,7.51568571428572,0.0233340209408186,129,0.00103107584341674,0.992937701889243,"",52.9499106742852,3.17740802765458e-12,83,3.17736359361997e-12,0.999999999986233,""
"RS1_1_3_6_9_BLM",-47.607,7,120,0.18009041165603,"RS1_1_3_6_9_BLM",-56.8179496725676,112.826903225806,7.57878894009217,0.0226092883082312,130,0.000999051602404359,0.993936753491647,"",60.4259935280692,7.56244490379662e-14,125,7.56233914780443e-14,0.999999999986309,""
"RS1_2_3_8",-49.1163,6,74,0.087227600479733,"RS1_2_3_8",-63.9385051137182,112.8576,7.60948571428573,0.0222649216955935,131,0.000983834846729436,0.994920588338377,"",53.3054380869186,2.65993602690653e-12,86,2.65989882938942e-12,0.999999999988969,""
"RS1_1_3_9",-49.3101,6,104,0.119723225405905,"RS1_1_3_9",-64.2576480647452,113.2452,7.99708571428572,0.0183423468450431,132,0.000810505432881115,0.995731093771258,"",52.9862951358916,3.12012650658815e-12,84,3.12008287359926e-12,0.999999999992089,""
"RS1_2_3_6_8_LM",-49.348,6,112,0.107469581013373,"RS1_2_3_6_8_LM",-65.933030600939,113.321,8.07288571428572,0.0176601806038003,133,0.000780362101205713,0.996511455872464,"",51.3109125996977,7.21069121821549e-12,72,7.21059038127533e-12,0.9999999999993,""
"RS1_1_3_5_8",-47.9067,7,128,0.133088206339846,"RS1_1_3_5_8",-55.9118004804864,113.426303225806,8.17818894009217,0.0167543983010015,134,0.000740337698460088,0.997251793570924,"",61.3321427201503,4.80722474658657e-14,127,4.80715752059958e-14,0.999999999999348,""
"RS1_1_3_6_9",-47.9707,7,119,0.170348546786165,"RS1_1_3_6_9",-55.3630215447856,113.554303225806,8.30618894009217,0.0157157093704686,135,0.000694440462496636,0.99794623403342,"",61.8809216558512,3.65366390605061e-14,128,3.65361281187982e-14,0.999999999999384,""
"RS1_1_3_6_8_BLM",-47.9833,7,132,0.136039567493305,"RS1_1_3_6_8_BLM",-58.9179506989359,113.579503225806,8.33138894009217,0.015518933722319,136,0.000685745406556885,0.998631979439977,"",58.3259925017008,2.1610840224964e-13,112,2.16105380110795e-13,0.9999999999996,""
"RS1_2_3_6_8_BLM",-48.0355,7,111,0.129556139377546,"RS1_2_3_6_8_BLM",-58.6828140898327,113.683903225806,8.43578894009217,0.0147296255454977,137,0.000650867723186505,0.999282847163164,"",58.561129110804,1.92137611047363e-13,114,1.92134924124819e-13,0.999999999999792,""
"RS1_1_3_6_8",-48.6061,7,131,0.106232283108801,"RS1_1_3_6_8",-57.6114103181341,114.825103225806,9.57698894009216,0.00832498146082463,138,0.00036786147157916,0.999650708634743,"",59.6325328825027,1.12450143402407e-13,120,1.12448570858522e-13,0.999999999999905,""
"RS1_2_3_6_8",-48.6579,7,110,0.0994809195471056,"RS1_2_3_6_8",-57.2789530606308,114.928703225806,9.68058894009216,0.00790472600380948,139,0.000349291365257092,1,"",59.964990140006,9.52286959961348e-14,121,9.52273642832617e-14,1,""
